{
    "Ag": {
        "distance": 2.93,
        "energy_minimum": -2.528624732123176,
        "mass": 107.8682
    },
    "Al": {
        "distance": 2.86,
        "energy_minimum": -3.4282381337189705,
        "mass": 26.9815386
    },
    "Au": {
        "distance": 2.94,
        "energy_minimum": -3.0412444671161425,
        "mass": 196.966569
    },
    "Ba": {
        "distance": 4.35,
        "energy_minimum": -1.8779701757970737,
        "mass": 137.327
    },
    "Be": {
        "distance": 2.2,
        "energy_minimum": -3.7251241449989645,
        "mass": 9.012182
    },
    "Bi": {
        "distance": 3.067,
        "energy_minimum": -2.54627700849023,
        "mass": 208.9804
    },
    "Ca": {
        "distance": 3.9,
        "energy_minimum": -1.914746735134041,
        "mass": 40.078
    },
    "Cd": {
        "distance": 3.05,
        "energy_minimum": -0.734740053498501,
        "mass": 112.411
    },
    "Cr": {
        "distance": 2.45,
        "energy_minimum": -4.056360716021985,
        "mass": 51.9961
    },
    "Cs": {
        "distance": 5.48,
        "energy_minimum": -0.7200831775969213,
        "mass": 132.9054519
    },
    "Cu": {
        "distance": 2.57,
        "energy_minimum": -3.485763144700424,
        "mass": 63.546
    },
    "Ga": {
        "distance": 2.75,
        "energy_minimum": -2.635534399704223,
        "mass": 69.723
    },
    "Ge": {
        "distance": 2.503,
        "energy_minimum": -3.722016222873885,
        "mass": 72.64
    },
    "Hf": {
        "distance": 3.1,
        "energy_minimum": -6.485048149176128,
        "mass": 178.49
    },
    "Hg": {
        "distance": 3.37,
        "energy_minimum": -0.18277185924429737,
        "mass": 200.59
    },
    "In": {
        "distance": 3.39,
        "energy_minimum": -2.3321562843871724,
        "mass": 114.818
    },
    "Ir": {
        "distance": 2.74,
        "energy_minimum": -7.264415071950619,
        "mass": 192.217
    },
    "K": {
        "distance": 4.71,
        "energy_minimum": -0.8696448201836929,
        "mass": 39.0983
    },
    "La": {
        "distance": 3.703,
        "energy_minimum": -4.239895431383895,
        "mass": 138.90547
    },
    "Li": {
        "distance": 3.05,
        "energy_minimum": -1.6072459403807398,
        "mass": 6.941
    },
    "Mg": {
        "distance": 2.557,
        "energy_minimum": -1.5056770226275,
        "mass": 24.305
    },
    "Mo": {
        "distance": 2.727,
        "energy_minimum": -6.357794040282041,
        "mass": 95.94
    },
    "Na": {
        "distance": 3.73,
        "energy_minimum": -1.0886245643423136,
        "mass": 22.98976928
    },
    "Nb": {
        "distance": 2.802,
        "energy_minimum": -6.9291923204333195,
        "mass": 92.90638
    },
    "Os": {
        "distance": 2.686,
        "energy_minimum": -8.314046460873735,
        "mass": 190.23
    },
    "Pb": {
        "distance": 3.5,
        "energy_minimum": -2.987459094225,
        "mass": 207.2
    },
    "Pd": {
        "distance": 2.786,
        "energy_minimum": -3.7475395031431913,
        "mass": 106.42
    },
    "Pt": {
        "distance": 2.81,
        "energy_minimum": -5.494374396627437,
        "mass": 195.084
    },
    "Rb": {
        "distance": 5.06,
        "energy_minimum": -0.7763890813779941,
        "mass": 85.4678
    },
    "Re": {
        "distance": 2.745,
        "energy_minimum": -7.800391200229981,
        "mass": 186.207
    },
    "Rh": {
        "distance": 2.705,
        "energy_minimum": -5.719006378666263,
        "mass": 102.9055
    },
    "Ru": {
        "distance": 2.642,
        "energy_minimum": -6.783961422618286,
        "mass": 101.07
    },
    "Sc": {
        "distance": 3.196,
        "energy_minimum": -4.223924558679797,
        "mass": 44.955912
    },
    "Si": {
        "distance": 2.368,
        "energy_minimum": -4.551269114106712,
        "mass": 28.0855
    },
    "Sn": {
        "distance": 2.81,
        "energy_minimum": -3.19076001,
        "mass": 118.71
    },
    "Sr": {
        "distance": 4.268,
        "energy_minimum": -1.6115018429374777,
        "mass": 87.62
    },
    "Ta": {
        "distance": 2.869,
        "energy_minimum": -8.19447096599424,
        "mass": 180.94788
    },
    "Ti": {
        "distance": 2.87,
        "energy_minimum": -5.30921984680476,
        "mass": 47.867
    },
    "Tl": {
        "distance": 3.453,
        "energy_minimum": -2.047595861196326,
        "mass": 204.3833
    },
    "V": {
        "distance": 2.642,
        "energy_minimum": -6.464371737054552,
        "mass": 50.9415
    },
    "W": {
        "distance": 2.746,
        "energy_minimum": -8.90454932232005,
        "mass": 183.84
    },
    "Y": {
        "distance": 3.53,
        "energy_minimum": -4.1690240402135235,
        "mass": 88.90585
    },
    "Zn": {
        "distance": 2.655,
        "energy_minimum": -1.0975967863905027,
        "mass": 65.409
    },
    "Zr": {
        "distance": 3.176,
        "energy_minimum": -6.19219984390527,
        "mass": 91.224
    },
    "others": {
        "distance": 3,
        "energy_minimum": -100
    }
}
